record_id,group,actual,score
D01,day,1,0.90
D02,day,1,0.80
D03,day,1,0.70
D04,day,1,0.65
D05,day,1,0.60
D06,day,1,0.55
D07,day,1,0.42
D08,day,1,0.35
D09,day,0,0.10
D10,day,0,0.20
D11,day,0,0.30
D12,day,0,0.40
D13,day,0,0.45
D14,day,0,0.48
D15,day,0,0.54
D16,day,0,0.70
E01,evening,1,0.85
E02,evening,1,0.68
E03,evening,1,0.58
E04,evening,1,0.49
E05,evening,1,0.47
E06,evening,1,0.40
E07,evening,1,0.32
E08,evening,1,0.22
E09,evening,0,0.12
E10,evening,0,0.20
E11,evening,0,0.28
E12,evening,0,0.40
E13,evening,0,0.44
E14,evening,0,0.51
E15,evening,0,0.56
E16,evening,0,0.62
